"CO_ppm_parts","CO_ppm_density","CO_temp","CO_humidity","TVOC_ppm_parts","TVOC_ppm_density","TVOC_temp","TVOC_humidity","O3_ppm_parts","O3_ppm_density","O3_temp","O3_humidity","NO2_ppm_parts","NO2_ppm_density","NO2_temp","NO2_humidity","SO2_ppb_parts","SO2_ppb_density","SO2_temp","SO2_humidity","analog_CO","analog_CO_Ref","analog_NO2","analog_NO2_Ref","analog_SO2","analog_SO2_Ref","analog_O3","analog_O3_Ref","sgp_VOC","stc31_CO2","telaire_CO2","sht41_temp","sht41_humidity","chipcap_tempC","chipcap_tempF","chipcap_humidity","PM1.0_ug/m3","PM2.5_(ug/m3)","PM4.0_(ug/m3)","PM10.0_(ug/m3)","PM0.5_(/cm3)","PM1_(/cm3)","PM2.5_(/cm3)","PM4.0_(/cm3)","PM10.0_(/cm3)","Typical_(nm)","TimeStampMillis","SetupLoopExeTime=132870","SetupLoopOffset=27143","MillisMsb=4060217741","MillisLsb=1752713415","FileAttr1=4291371562","FileAttr2=257"
55,63,28.94,81.9,0,0,28.93,81.15,3,5,28.97,77.89,0,0,28.85,80.3,0,0,28.89,81.93,485,496,437,499,447,502,476,505,65528,4.8,479,29.11,74.79,27.85,82.13,73.93,15,14,15,15,90,15,106,106,106,563,136043,,,,,,
55,63,28.94,81.9,0,0,28.93,81.15,3,5,28.97,77.89,0,0,28.88,80.4,0,0,28.95,82,491,493,456,495,496,496,461,495,57925,4.7,481,29.13,74.9,29.49,85.09,67.85,15,15,15,15,94,15,110,110,110,558,139362,,,,,,
55,63,28.95,81.9,0,0,28.97,81.15,3,5,28.99,77.8,0,0,28.89,80.3,0,0,28.97,81.9,510,495,476,495,481,496,472,497,57928,4.67,482,29.2,75.74,29.52,85.14,67.8,16,16,16,16,100,16,117,117,117,548,144491,,,,,,
55,63,29.01,81.8,0,0,29.03,80.95,3,5,29.06,77.76,0,0,28.89,80.3,0,0,28.97,81.9,494,496,460,495,507,496,464,495,57919,4.63,484,29.26,75.3,29.56,85.22,68.09,17,17,17,17,105,17,123,123,123,549,149610,,,,,,
55,63,29.11,81.8,0,0,29.12,80.95,3,5,29.15,77.66,0,0,28.96,80.16,0,0,29.04,81.8,495,494,465,494,448,496,470,495,57929,4.54,485,29.32,76.17,29.59,85.27,68.19,17,17,17,17,107,17,126,126,126,556,154736,,,,,,
55,63,29.41,81.72,0,0,29.33,80.91,3,5,29.42,77.62,0,0,29.06,80.26,0,0,29.09,81.9,488,496,466,495,493,495,457,495,57903,4.57,485,29.35,76.26,29.64,85.36,68.68,17,17,17,17,108,17,126,126,126,555,159858,,,,,,
55,63,29.46,81.72,0,0,29.49,80.87,3,5,29.48,77.68,0,0,29.4,80.18,0,0,29.44,81.62,484,495,422,494,428,496,469,495,57892,4.44,483,29.4,74.21,29.71,85.49,69.19,17,17,17,17,107,17,125,125,125,555,164987,,,,,,
55,63,29.5,80.93,0,0,29.58,80.18,4,7,29.49,77.09,0,0,29.44,79.49,0,0,29.48,81.72,493,494,449,496,495,497,480,497,57880,4.44,481,29.48,73.65,29.73,85.51,67.8,18,17,18,18,110,18,129,129,129,551,170106,,,,,,
55,63,29.54,80.34,0,0,29.6,79.49,4,7,29.58,76.5,0,0,29.52,78.9,0,0,29.53,80.93,489,495,454,495,466,496,468,497,57870,4.44,480,29.53,73.45,29.77,85.58,67.19,19,18,19,19,116,19,136,136,136,560,175236,,,,,,
55,63,29.59,80.04,0,0,29.64,79.16,4,7,29.62,76.2,0,0,29.55,78.61,0,0,29.65,80.01,491,495,452,495,497,496,440,497,57858,4.44,482,29.57,74.3,29.8,85.63,66.92,19,19,19,19,118,19,139,139,139,566,180366,,,,,,
55,63,29.62,79.85,0,0,29.68,78.96,4,7,29.65,75.91,0,0,29.58,78.31,0,0,29.68,79.71,489,495,458,495,481,495,453,496,57846,4.38,483,29.62,74.83,29.84,85.7,67.19,19,19,19,19,118,19,139,139,139,548,185485,,,,,,
55,63,29.65,79.81,0,0,29.72,78.96,5,9,29.71,75.91,0,0,29.62,78.31,0,0,29.71,79.71,485,495,439,495,494,495,449,496,57834,4.44,484,29.65,74.24,29.88,85.78,67.6,19,18,19,19,115,19,135,135,135,546,190615,,,,,,
55,63,29.73,79.91,0,0,29.78,79.06,5,9,29.78,75.87,0,0,29.67,78.37,0,0,29.79,79.81,488,495,466,494,477,496,471,495,57825,4.44,485,29.74,74.22,29.94,85.89,67.68,18,18,18,18,114,18,134,134,134,540,195734,,,,,,
55,63,29.76,79.71,0,0,29.81,78.96,5,9,29.82,75.68,0,0,29.71,78.17,0,0,29.82,79.62,491,495,461,495,473,496,479,496,57816,4.28,484,29.75,74.95,29.98,85.96,67.16,18,18,18,18,113,18,133,133,133,527,200863,,,,,,
55,63,29.79,79.91,0,0,29.82,79.06,5,9,29.82,75.78,0,0,29.75,78.26,0,0,29.86,79.71,491,495,486,494,481,496,475,496,57813,4.32,486,29.82,75.21,30.02,86.03,67.58,18,18,18,18,112,18,131,131,131,530,205982,,,,,,
55,63,29.84,79.91,0,0,29.84,79.16,6,11,29.87,75.87,0,0,29.79,78.47,0,0,29.88,79.81,487,495,440,495,472,496,460,496,57806,4.29,485,29.83,73.83,30.07,86.12,68.21,17,17,17,17,109,17,127,127,127,513,211112,,,,,,
55,63,29.92,79.67,0,0,29.94,78.93,6,11,29.94,75.78,0,0,29.88,78.26,0,0,29.95,79.57,486,496,454,495,477,495,465,496,57791,4.22,486,29.85,74.1,30.11,86.19,67.29,17,17,17,17,107,17,125,125,125,526,216231,,,,,,
59,67,29.97,79.67,0,0,29.97,78.83,6,11,29.99,75.64,0,0,29.91,78.04,0,0,29.97,79.57,491,493,440,494,486,496,468,496,57784,4.2,486,29.88,74.11,30.14,86.25,67.36,17,17,17,17,107,17,125,125,125,525,221366,,,,,,
59,67,30,79.87,0,0,30,79.02,6,11,30.02,75.84,0,0,29.95,78.24,0,0,29.99,79.87,485,496,456,495,477,496,465,495,57780,4.23,486,29.91,74.24,30.17,86.3,67.38,17,17,17,17,107,17,125,125,125,534,226485,,,,,,
59,67,30.03,79.97,0,0,30.02,79.22,6,11,30.05,75.93,0,0,29.95,78.43,0,0,29.99,80.07,493,494,463,495,510,496,471,496,57773,4.14,485,29.96,73.82,30.18,86.32,67.5,17,17,17,17,106,17,124,124,124,543,231615,,,,,,
59,67,30.04,80.16,0,0,30.06,79.32,6,11,30.08,76.13,0,0,29.98,78.53,0,0,30.01,80.26,492,495,469,494,466,495,476,495,57772,4.14,485,29.98,74.03,30.23,86.41,67.31,17,17,17,17,106,17,124,124,124,540,236734,,,,,,
59,67,30.06,80.46,0,0,30.06,79.62,6,11,30.11,76.43,0,0,30.02,78.83,0,0,30.01,80.56,485,493,444,495,534,496,452,496,57771,4.08,487,29.97,73.95,30.32,86.57,67.31,17,16,16,17,104,17,122,122,122,538,241864,,,,,,
59,67,30.04,80.46,0,0,30.05,79.71,6,11,30.08,76.43,0,0,30.02,78.83,0,0,30.01,80.56,490,495,448,495,429,495,463,496,57775,4.06,495,29.96,74.08,30.34,86.61,67.16,16,15,16,16,99,16,115,115,115,521,246983,,,,,,
59,67,30.07,80.66,0,0,30.06,79.81,6,11,30.09,76.53,0,0,30.02,78.93,0,0,29.97,80.76,484,495,454,495,549,495,440,495,57780,4,509,29.91,74.45,30.32,86.57,67.21,15,15,15,15,96,15,113,113,113,539,252112,,,,,,
59,67,30.15,80.62,0,0,30.08,79.91,6,11,30.09,76.62,0,0,30.05,78.93,0,0,29.94,80.94,491,493,464,495,410,496,467,495,57791,4.06,508,29.88,74.11,30.3,86.54,67.68,15,15,15,15,97,15,113,113,113,538,257231,,,,,,
59,67,30.58,79.79,0,0,30.47,79.34,6,11,30.44,76.09,0,0,30.08,79.12,0,0,29.92,81.15,485,493,444,495,564,496,450,496,57810,3.89,508,29.94,75.18,30.3,86.54,67.41,15,15,15,15,97,15,113,113,113,537,262362,,,,,,
59,67,31.08,79.13,0,0,30.96,78.68,6,11,30.93,75.83,0,0,30.23,78.49,0,0,30.1,80.76,498,494,472,494,435,496,501,495,57833,3.91,508,29.99,74.88,30.34,86.61,67.97,15,15,15,15,96,15,113,113,113,536,267474,,,,,,
59,67,31.34,77.32,0,0,31.28,76.97,6,11,31.17,74.42,0,0,30.95,77.79,0,0,30.41,81.17,489,495,460,495,544,497,457,496,57843,4,508,30.09,73.25,30.38,86.68,68.12,15,15,15,15,95,15,112,112,112,532,272603,,,,,,
59,67,31.34,77.32,0,0,31.8,75.03,7,13,31.72,72.35,0,0,31.39,76.33,0,0,30.72,79.85,480,495,430,495,431,496,451,496,57842,3.82,501,30.28,71.64,30.45,86.81,66.82,15,15,15,15,93,15,109,109,109,538,277722,,,,,,
59,67,32.02,74.95,0,0,32.48,72.18,7,13,32.38,69.73,0,0,31.71,74.54,0,0,31.11,77.71,497,496,470,495,533,496,476,494,57788,3.92,488,30.28,70.97,30.56,87.01,65.16,15,15,15,15,95,15,111,111,111,538,282851,,,,,,
59,67,32.71,72.01,0,0,32.77,69.79,8,15,32.91,67.02,0,0,32.41,71.49,0,0,31.78,75.39,489,495,453,495,470,496,468,495,57764,3.91,469,30.22,69.81,30.63,87.14,64.33,15,15,15,15,95,15,111,111,111,545,287969,,,,,,
59,67,32.9,69.62,0,0,32.41,69.14,10,19,32.64,65.97,0,0,32.63,69.11,0,0,32,72.69,495,496,471,495,488,496,473,496,57753,3.96,470,30.15,70.15,30.55,86.99,63.04,15,15,15,15,95,15,112,112,112,553,293098,,,,,,
59,67,32.62,69.17,0,0,32.18,69.47,11,21,32.41,66.07,0,0,32.58,68.06,0,0,31.9,71.82,480,495,428,495,482,497,465,497,57748,3.96,471,30.17,70.39,30.51,86.92,63.26,15,15,15,15,94,15,110,110,110,559,298217,,,,,,
55,63,32.5,69.5,0,0,31.98,70.19,12,23,32.16,66.53,0,0,32.37,68.26,0,0,31.65,71.94,487,493,463,495,501,496,464,496,57837,3.85,472,30.18,70.8,30.48,86.86,63.38,15,14,15,15,92,15,108,108,108,555,303387,,,,,,
52,59,32.46,69.98,0,0,31.98,70.19,13,25,33.23,65.78,0,0,32.28,68.68,0,0,31.6,72.37,495,493,474,495,465,496,458,495,57824,3.85,474,30.19,70.88,30.52,86.94,63.77,15,15,15,15,97,15,113,113,113,568,308547,,,,,,
52,59,33.37,68.97,0,0,32.91,69.66,13,25,33.23,65.78,0,0,32.96,68.48,0,0,32.59,71.44,474,495,421,495,524,496,444,496,57816,3.8,475,30.24,70.75,30.53,86.96,63.99,16,16,16,16,101,16,119,119,119,565,313676,,,,,,
52,59,33.74,67.57,0,0,33.24,68.26,13,25,33.48,64.67,0,0,33.43,66.85,0,0,32.4,70.76,501,494,473,495,466,495,485,494,57784,3.71,473,30.3,70.64,30.55,86.99,63.92,17,17,17,17,109,17,127,127,128,559,318795,,,,,,
52,59,33.78,66.69,0,0,33.24,67.48,14,27,33.45,64.19,0,0,33.73,65.85,0,0,32.41,70.76,486,495,454,495,530,497,452,496,57741,3.75,472,30.34,70.37,30.57,87.03,63.84,18,18,18,18,113,18,133,133,133,570,323925,,,,,,
52,59,33.66,66.6,0,0,33.04,67.6,14,27,33.41,64.02,0,0,33.61,65.65,0,0,32.46,70.58,480,495,440,494,456,495,438,496,57719,3.65,470,30.34,70.42,30.6,87.08,63.62,18,18,18,18,114,18,134,134,134,584,329044,,,,,,
52,59,33.56,67.02,0,0,32.89,68.09,14,27,33.3,64.22,0,0,33.27,66.3,0,0,32.4,70.58,484,497,450,495,528,496,458,496,57703,3.65,465,30.36,70.36,30.63,87.14,63.65,19,18,19,19,116,19,136,136,136,585,334174,,,,,,
52,59,33.43,67.31,0,0,32.73,68.62,14,27,33.18,64.54,0,0,33.27,66.3,0,0,32.4,70.58,477,494,438,495,469,496,432,495,57700,3.68,462,30.39,70.01,30.66,87.19,63.57,20,19,19,20,116,20,137,137,138,596,339299,,,,,,
52,59,33.36,67.41,0,0,32.7,68.81,13,25,33.06,64.73,0,0,33.2,66.49,0,0,32.31,70.8,490,496,445,495,536,497,459,496,57691,3.61,460,30.4,70.02,30.68,87.23,63.28,20,19,20,20,117,20,138,138,138,601,344428,,,,,,
59,67,33.25,67.73,0,0,32.58,68.95,13,25,32.93,64.93,0,0,33.09,66.58,0,0,32.24,70.9,490,493,457,494,487,497,473,496,57688,3.52,460,30.39,70.2,30.71,87.28,63.16,19,18,19,19,113,19,133,133,133,584,349547,,,,,,
62,71,33.14,68.02,0,0,32.45,69.34,12,23,32.86,65.35,0,0,33,66.92,0,0,32.04,71.12,489,495,468,494,513,496,457,496,57689,3.61,459,30.37,70.32,30.74,87.34,63.21,18,18,18,18,107,18,127,127,127,598,354677,,,,,,
66,75,32.98,68.55,0,0,32.33,69.86,11,21,32.75,65.75,0,0,32.86,67.41,0,0,31.9,71.72,489,495,462,495,488,496,468,496,57737,3.54,458,30.38,70.54,30.72,87.3,63.33,17,16,17,17,101,17,119,120,120,586,359796,,,,,,
66,75,33.06,68.84,0,0,32.39,70.12,10,19,32.73,66.04,0,0,32.84,67.69,0,0,31.78,72.15,492,496,476,495,483,497,457,495,57724,3.55,457,30.39,70.73,30.71,87.28,63.53,17,16,16,17,98,17,115,116,116,579,364925,,,,,,
69,79,33.14,68.51,0,0,32.41,70.12,9,17,32.84,66.04,0,0,33.11,67.48,0,0,31.83,72.44,491,495,486,494,490,496,474,497,57703,3.55,453,30.39,71.45,30.74,87.34,63.75,16,16,16,16,97,16,115,115,115,574,370043,,,,,,
76,87,33.27,69.11,0,0,32.39,70.8,8,15,32.77,66.63,0,0,32.93,67.99,0,0,31.86,72.64,497,495,463,495,475,496,486,497,57699,3.54,445,30.38,71.61,30.77,87.39,64.38,16,15,16,16,96,16,113,114,114,568,375176,,,,,,
80,92,33.12,69.3,0,0,32.25,71.33,7,13,32.66,67.15,0,0,33,68.48,0,0,31.78,73.62,488,495,464,494,485,496,477,496,57729,3.54,442,30.36,70.74,30.75,87.35,64.67,18,17,17,18,107,18,126,126,126,560,380287,,,,,,
83,95,33.28,68.81,0,0,32.39,70.9,6,11,32.75,66.72,0,0,32.96,68.08,0,0,31.83,73.12,489,494,463,495,467,496,448,496,57733,3.7,443,30.33,70.02,30.71,87.28,63.99,21,20,21,21,128,21,150,150,150,542,385420,,,,,,
87,100,33.21,67.93,0,0,32.45,70.02,5,9,32.73,66.04,0,0,33.11,67.48,0,0,31.78,72.44,492,493,478,494,508,496,472,496,57728,3.65,444,30.39,69.59,30.67,87.21,63.38,20,20,20,20,125,20,146,147,147,548,390538,,,,,,
90,103,33.22,67.34,0,0,32.41,69.34,5,9,32.8,65.25,0,0,33.15,66.58,0,0,31.82,71.75,473,495,430,495,494,497,458,496,57802,3.64,445,30.32,69.43,30.66,87.19,62.82,19,19,19,19,120,19,141,141,141,534,395538,,,,,,
97,111,33.43,67.21,0,0,32.59,69.11,4,7,33,65.03,0,0,33.07,66.43,0,0,31.91,71.51,500,494,480,495,490,496,466,495,57773,3.71,446,30.25,69.91,30.6,87.08,62.67,18,18,18,18,115,18,134,134,134,535,400699,,,,,,
97,111,33.22,67.15,0,0,32.5,68.95,4,7,32.91,64.86,0,0,33.24,66.19,0,0,31.84,71.56,495,495,475,495,480,496,472,495,57766,3.68,446,30.22,69.84,30.56,87.01,63.16,17,17,17,17,106,17,124,124,124,541,405829,,,,,,
97,111,33.05,67.48,0,0,32.22,69.17,3,5,32.64,64.99,0,0,32.95,66.33,0,0,31.52,71.79,484,494,434,494,481,496,454,496,57759,3.74,452,30.16,69.62,30.53,86.96,63.06,15,15,15,15,95,15,111,111,112,534,410959,,,,,,
97,111,32.84,67.7,0,0,31.96,69.6,3,5,32.34,65.42,0,0,32.71,66.56,0,0,31.3,72.32,490,495,470,495,467,496,468,496,57758,3.75,452,30.18,69.67,30.52,86.94,62.82,14,14,14,14,87,14,102,102,102,543,416077,,,,,,
94,108,32.65,68.09,0,0,31.86,69.99,3,5,32.23,65.91,0,0,32.55,67.08,0,0,31.3,72.71,485,493,439,494,505,496,446,495,57769,3.77,451,30.19,69.62,30.48,86.86,62.79,13,13,13,13,83,13,97,97,97,531,421207,,,,,,
94,108,32.77,68.48,0,0,31.7,70.42,2,3,32.13,66.23,0,0,32.4,67.48,0,0,31.34,72.8,489,495,463,495,471,496,481,495,57852,3.74,449,30.26,69.78,30.47,86.85,62.87,12,12,12,12,79,12,92,92,92,528,426326,,,,,,
94,108,33.61,67.38,0,0,32.65,69.59,1,1,33.09,65.52,0,0,32.4,67.48,0,0,31.34,72.8,485,493,437,495,499,495,442,494,57882,3.71,448,30.32,69.72,30.51,86.92,63.01,12,12,12,12,79,12,92,92,92,528,431455,,,,,,
90,103,34.23,65.94,0,0,33.27,68.06,0,0,33.7,63.86,0,0,33.02,67.21,0,0,32.23,71.58,489,495,467,495,475,497,471,495,57881,3.65,458,30.38,70.02,30.53,86.96,63.09,12,12,12,12,79,12,92,92,92,528,436574,,,,,,
87,100,34.79,64.32,0,0,34.13,66.27,0,0,34.5,62.21,0,0,33.68,65.75,0,0,32.84,69.94,481,493,437,495,466,495,459,494,57791,3.55,450,30.44,69.57,30.6,87.08,63.31,12,12,12,12,78,12,91,91,91,517,441740,,,,,,
87,100,34.37,64.06,0,0,33.75,65.65,0,0,34.08,61.68,0,0,34.4,64.19,0,0,33.56,68.08,495,493,470,495,520,496,466,496,57772,3.68,428,30.47,69.34,30.67,87.21,62.99,12,12,12,12,78,12,92,92,92,520,446899,,,,,,
87,100,34.37,64.06,0,0,33.78,65.85,0,0,34.08,61.98,0,0,34.3,63.14,0,0,33.09,67.67,475,493,457,495,491,496,447,497,57760,3.52,395,30.5,69.84,30.71,87.28,62.65,12,12,12,12,78,12,91,91,91,516,452029,,,,,,
90,103,34.45,64.35,0,0,33.75,66.04,1,1,34.24,62.14,0,0,34.06,63.47,0,0,33.12,68.01,478,494,451,494,490,496,437,495,57731,3.52,405,30.45,69.49,30.75,87.35,62.96,12,12,12,12,78,12,91,91,91,518,457148,,,,,,
90,103,34.5,64.74,0,0,33.78,65.46,1,1,34.05,61.68,0,0,34.13,63.83,0,0,33.07,68.35,484,494,466,495,490,496,464,495,57735,3.65,409,30.39,69.18,30.78,87.41,62.77,12,12,12,12,78,12,91,91,91,509,462278,,,,,,
90,103,34.24,64.38,0,0,33.52,65.58,1,1,33.77,61.91,0,0,34.32,63.53,0,0,32.91,68.06,499,496,468,495,484,495,467,494,57730,3.61,428,30.34,69.29,30.77,87.39,62.33,12,12,12,12,77,12,90,90,90,515,467397,,,,,,
87,100,34.12,64.48,0,0,33.29,66.1,2,3,33.54,62.53,0,0,33.93,63.47,0,0,32.53,68.51,490,495,473,494,499,496,476,496,57730,3.58,432,30.33,69.96,30.74,87.34,62.16,12,12,12,12,78,12,91,91,91,515,472528,,,,,,
87,100,33.77,65.23,0,0,33.16,66.99,2,3,33.43,63.31,0,0,33.78,63.89,0,0,32.34,69.5,488,496,474,495,465,497,470,496,57763,3.7,434,30.32,70.17,30.71,87.28,62.72,12,12,12,12,75,12,88,88,88,518,477647,,,,,,
83,95,33.8,65.91,0,0,33.25,67.28,2,3,33.43,63.5,0,0,33.64,64.76,0,0,32.15,70.51,495,494,463,496,489,496,485,496,57755,3.58,434,30.28,70.46,30.71,87.28,63.04,12,12,12,12,76,12,89,89,89,529,482778,,,,,,
83,95,33.83,66.01,0,0,32.84,68.09,2,3,33.11,64.44,0,0,33.59,65.06,0,0,32.08,71.12,486,495,459,495,494,496,472,495,57755,3.64,433,30.3,70.5,30.7,87.26,63.26,12,12,12,12,76,12,89,89,89,530,487991,,,,,,
83,95,33.52,66.82,0,0,32.84,68.09,2,3,33.11,64.44,0,0,33.41,65.58,0,0,31.93,71.82,488,495,474,495,485,496,470,495,57760,3.59,432,30.32,70.07,30.66,87.19,63.57,12,12,12,12,78,12,91,91,91,521,492920,,,,,,
80,92,33.16,67.15,0,0,32.47,68.35,1,1,32.79,64.67,0,0,33.14,66,0,0,31.69,71.85,492,494,478,494,472,495,480,495,57758,3.64,430,30.36,70.27,30.62,87.12,63.21,12,12,12,12,78,12,91,92,92,523,498039,,,,,,
80,92,33.06,67.77,0,0,32.36,69.14,0,0,32.64,65.39,0,0,32.87,66.62,0,0,31.65,72.35,494,494,466,495,496,495,474,496,57754,3.71,431,30.4,69.92,30.62,87.12,63.33,12,12,12,12,77,12,91,91,91,517,503169,,,,,,
83,95,32.99,68.16,0,0,32.29,69.66,0,0,32.59,65.78,0,0,32.83,67.33,0,0,31.65,72.44,485,494,465,495,445,496,471,497,57749,3.71,431,30.42,69.73,30.64,87.15,63.21,12,12,12,12,76,12,89,89,89,505,508289,,,,,,
87,100,32.99,68.26,0,0,32.36,69.63,0,0,32.66,65.78,0,0,32.86,67.41,0,0,31.71,72.44,492,496,465,495,499,495,464,496,57755,3.59,429,30.49,69.98,30.7,87.26,62.99,12,11,12,12,74,12,87,87,87,510,513419,,,,,,
87,100,33.21,68.32,0,0,32.4,69.63,0,0,32.73,65.75,0,0,33.05,67.31,0,0,31.83,72.35,484,494,470,494,429,495,494,496,57757,3.48,435,30.53,70.64,30.71,87.28,63.13,11,11,11,11,73,11,85,85,85,512,518538,,,,,,
87,100,33.39,67.9,0,0,32.52,69.53,0,0,32.86,65.64,0,0,33.2,66.89,0,0,31.86,72.05,492,495,461,495,501,495,460,496,57740,3.58,445,30.59,69.74,30.75,87.35,63.65,11,11,11,11,73,11,85,85,85,499,523668,,,,,,
87,100,33.43,67.51,0,0,32.65,69.3,0,0,32.99,65.22,0,0,33.2,66.89,0,0,31.86,72.05,491,493,485,495,439,496,475,496,57725,3.59,463,30.62,69.3,30.79,87.43,63.06,12,12,12,12,75,12,87,87,87,493,528787,,,,,,
87,100,33.73,66.99,0,0,32.68,69.01,0,0,33.06,64.93,0,0,33.2,66.58,0,0,32.02,71.62,483,494,437,495,509,496,443,495,57706,3.44,530,30.67,69.49,30.83,87.5,62.79,12,12,12,12,77,12,89,89,89,493,533918,,,,,,
87,100,33.49,67.12,0,0,32.74,68.62,0,0,33.09,64.64,0,0,33.33,66.1,0,0,32.34,71.16,485,493,485,494,440,496,492,497,57693,3.48,518,30.72,69.88,30.83,87.5,62.7,12,12,12,12,78,12,90,91,91,506,539038,,,,,,
83,95,33.4,67.8,0,0,32.68,69.3,0,0,32.98,65.42,0,0,33.23,66.69,0,0,32.16,70.9,487,495,439,494,512,496,430,495,57684,3.52,512,30.71,69.82,30.87,87.57,63.26,12,12,12,12,77,12,90,90,90,518,544168,,,,,,
80,92,33.3,67.63,0,0,32.65,68.62,0,0,32.93,65.03,0,0,33.15,66.69,0,0,32.06,71.82,492,493,481,495,448,496,481,496,57684,3.54,509,30.72,69.57,30.9,87.63,63.31,12,12,12,12,78,12,91,91,91,516,549288,,,,,,
80,92,33.21,67.44,0,0,32.59,68.91,0,0,32.88,65.35,0,0,33.11,66.79,0,0,31.96,71.03,497,495,438,495,561,496,455,495,57686,4.02,511,30.77,67.75,30.91,87.64,63.16,12,12,12,12,80,12,93,93,93,515,554419,,,,,,
1815,2087,33.12,64.31,1067,1067,32.43,65.13,0,0,32.73,61.83,0,0,32.97,63.89,0,0,31.84,71.46,540,495,475,494,611,496,470,495,57700,5.3,518,30.77,60.66,30.93,87.68,62.06,12,12,12,12,77,12,90,90,90,511,559544,,,,,,
5250,6037,32.99,63.56,4283,4283,32.33,64.77,0,0,32.62,61.08,0,0,32.89,63.59,3,7,31.65,66.94,562,495,453,494,632,497,460,496,57712,6.1,674,30.76,60.09,30.89,87.61,55.42,11,11,11,11,69,11,81,81,81,507,564674,,,,,,
10041,11547,32.87,63.56,10203,10203,32.2,64.57,0,0,32.5,60.49,0,0,32.74,61.57,9,23,31.49,66.3,553,496,489,495,651,496,487,497,57739,5.86,1105,30.76,56.78,30.91,87.64,54.69,10,10,10,10,63,10,74,74,74,497,569794,,,,,,
13508,15534,32.8,65.45,14740,14740,32.09,65.67,0,0,32.41,61.89,0,0,32.66,62.75,17,44,31.32,66.51,574,494,476,495,746,496,471,496,57752,6.5,2197,30.79,58.4,30.96,87.73,51.34,9,9,9,9,60,9,70,70,70,508,574925,,,,,,
16794,19313,32.68,64.08,19185,19185,31.98,65.38,0,0,32.28,60.91,0,0,32.59,64.31,23,60,31.22,68.1,563,494,473,495,615,496,480,496,57766,6.2,5176,30.84,59.26,31.02,87.84,52,9,9,9,9,57,9,66,66,66,502,580045,,,,,,
19763,22727,32.66,65.25,23530,23530,31.96,66.46,0,0,32.24,62.28,0,0,32.48,63.36,35,91,31.15,68.58,536,494,475,496,725,496,462,495,57782,6.16,8056,30.87,60.49,31.05,87.9,52.2,9,9,9,9,56,9,65,65,65,506,585175,,,,,,
22038,25343,32.58,65.29,26907,26907,31.89,66.07,0,0,32.16,62.41,0,0,32.4,63.75,39,102,31.08,68.62,527,494,490,495,594,495,455,496,57796,6.39,10281,30.9,58.38,31.06,87.92,53.37,8,8,8,8,54,8,63,63,63,497,590295,,,,,,
23512,27038,32.53,65.29,28907,28907,31.84,66.3,0,0,32.14,62.81,0,0,32.34,64.44,41,107,31.04,68.82,507,495,458,496,751,497,462,496,57809,6.51,11719,30.92,59.21,31.12,88.02,52.1,8,8,8,8,53,8,62,62,62,490,595426,,,,,,
22850,26277,32.48,65.58,29209,29209,31.8,66.69,0,0,32.09,63.1,0,0,32.32,64.57,40,104,31,68.62,533,495,482,495,701,497,459,496,57815,6.41,12635,30.99,58.16,31.18,88.12,50.78,8,8,8,8,52,8,60,60,60,494,600546,,,,,,
20658,23756,32.43,65.68,27543,27543,31.74,66.59,0,0,32.05,62.81,0,0,32.29,64.17,37,96,30.97,68.72,509,494,448,494,659,496,447,496,57780,5.61,13529,31.03,64.92,31.25,88.24,50,8,8,8,8,52,8,61,61,61,500,605673,,,,,,
17128,19697,32.38,69.2,23462,23462,31.7,70.12,0,0,32,65.74,0,0,32.22,65.74,32,83,30.99,73.33,506,494,444,495,614,497,455,496,57723,4.7,14280,31.09,70.58,31.28,88.3,55.35,8,8,8,8,55,8,64,64,64,498,610792,,,,,,
14728,16937,32.34,72.33,20648,20648,31.7,73.85,0,0,31.98,69.27,0,0,32.2,69.47,29,75,31.04,77.55,504,494,453,494,667,496,437,497,57646,4.44,14740,31.15,73.47,31.32,88.37,62.55,9,9,9,9,56,9,65,65,65,504,615961,,,,,,
14728,16937,32.34,72.33,17876,17876,31.7,76.5,0,0,31.98,72.02,0,0,32.2,69.47,29,75,31.04,77.55,501,493,466,493,551,495,456,494,57575,2.87,14907,31.3,78.89,31.37,88.46,67.41,9,9,9,9,58,9,68,68,68,510,621080,,,,,,
12337,14187,32.34,75.07,14987,14987,31.73,78.07,0,0,31.98,74.07,0,0,32.2,72.31,26,68,31.18,80.56,491,495,495,494,572,495,453,495,57522,3.65,14932,31.45,81.15,31.48,88.66,72.53,10,10,10,10,61,10,72,72,72,505,626221,,,,,,
10069,11579,32.31,76.87,12722,12722,32.25,82.2,0,0,33.5,89.3,0,0,32.18,74.85,23,60,31.32,82.33,505,494,983,495,593,496,872,496,57124,4.33,14459,34.68,97.58,31.65,88.97,75.02,11,11,11,11,68,11,79,79,79,523,631351,,,,,,
8240,9476,33.78,93.65,12030,12030,33.14,99.99,0,0,35.34,99.99,0,0,32.16,75.83,21,55,32.59,94.65,508,496,979,496,610,496,0,497,56492,0.54,13957,35.83,100.88,32.38,90.29,87.74,12,12,12,12,77,12,90,90,90,536,636471,,,,,,
7205,8285,34.59,99.99,12117,12117,34.16,99.99,0,0,37.93,99.99,0,0,34.91,99.99,21,55,33.49,99.99,491,495,0,495,564,497,438,495,56734,1.28,13872,34.58,100.36,34.58,94.24,97.24,22,21,22,22,138,22,161,161,161,538,641601,,,,,,
6578,7564,37.28,99.99,12154,12154,35.04,99.99,0,0,39.21,99.99,0,0,35.16,99.99,23,60,35.27,99.99,486,493,241,495,334,497,454,497,56723,3.2,16907,35.64,101.3,34.45,94.01,95.34,25,25,25,25,158,25,184,184,184,543,646720,,,,,,
5759,6622,38.3,99.99,11827,11827,35.23,99.99,0,0,38.84,92.92,0,0,37.71,99.99,24,62,36.96,99.99,469,492,978,495,594,496,350,497,56466,0.56,16851,36.21,101.34,35.12,95.22,97.17,25,24,25,25,156,25,183,183,183,547,651851,,,,,,
4885,5617,37.8,98.63,11364,11364,34.91,83.72,0,0,38.02,73.98,0,0,38.28,99.99,23,60,36.25,99.99,494,495,980,496,467,496,423,497,56127,0.49,18876,37.29,101.28,36.23,97.22,99.17,23,23,23,23,148,23,173,173,173,553,656971,,,,,,
4139,4759,37.4,76.58,10499,10499,34.79,76.15,0,0,38.02,73.98,0,0,37.82,85.11,20,52,35.83,88.71,476,495,620,495,769,498,252,497,55429,-0.05,24265,38.72,101.22,37.38,99.28,99.32,22,22,22,22,139,22,162,162,162,565,662101,,,,,,
3473,3993,37.12,76.81,9549,9549,34.77,77.61,2,3,37.72,71.69,0,0,37.5,72.05,17,44,35.55,81.06,475,493,714,495,540,497,542,499,55004,-0.82,27986,39.25,99.48,38.72,101.69,99.22,21,21,21,21,134,21,157,157,157,589,667226,,,,,,
2961,3405,36.87,79.11,9549,9549,34.77,77.61,7,13,37.39,73.9,0,0,37.25,74.32,15,39,35.31,81.01,495,492,392,494,813,496,463,497,54942,-1.26,27107,39.06,95.88,39.52,103.14,98.39,21,21,21,21,131,21,154,154,154,574,672356,,,,,,
2693,3096,36.93,89.75,8858,8858,34.84,80.11,11,21,37.36,82.53,0,0,37.03,78.05,14,36,35.28,87.92,490,494,616,495,335,496,482,497,54899,-1.67,21395,39.17,94.23,39.64,103.34,96.07,21,20,21,21,130,21,152,152,152,567,677475,,,,,,
2442,2808,36.9,96.93,8030,8030,34.91,92.1,16,31,37.41,89.32,0,0,36.93,93.38,14,36,35.31,95.32,477,493,196,495,645,496,436,495,54853,-1.17,18620,39.31,92.62,39.6,103.27,93.68,21,20,21,21,129,21,151,151,152,550,682605,,,,,,
2181,2508,36.96,96.54,7074,7074,34.96,94.43,21,41,37.41,89.42,0,0,36.95,93.1,12,31,35.3,96.29,437,494,0,495,752,495,458,496,54901,-2.42,24529,39.28,86.13,39.66,103.38,92.7,20,20,20,20,126,20,147,147,148,553,687724,,,,,,
1933,2222,38.74,99.99,6018,6018,35.82,99.99,25,49,39.14,99.99,0,0,39.11,99.99,10,26,37.21,99.99,482,493,0,494,984,496,491,497,55490,-1.9,28464,39.09,74.69,39.76,103.56,84.89,20,20,20,20,128,20,150,150,150,545,692854,,,,,,
1724,1982,40.9,99.99,5080,5080,37.79,99.99,26,50,40.79,99.97,0,0,41.4,99.99,10,26,38.7,99.99,516,495,0,495,690,496,458,495,55549,-0.95,24758,39.12,82.56,39.37,102.87,67.87,21,21,21,21,131,21,154,154,154,524,697984,,,,,,
1595,1834,42.41,99.99,4475,4475,39,99.99,27,52,42.21,97.42,0,0,42.2,95.83,12,31,39.9,99.99,490,494,980,495,964,495,476,496,55227,-0.29,22329,39.28,85.78,39.19,102.55,71.36,20,20,20,20,126,20,148,148,148,532,703104,,,,,,
1554,1787,41.62,90.69,4320,4320,38.83,97.22,28,54,41.63,84.82,0,0,41.65,82.94,13,34,39.37,91.96,473,492,983,495,364,496,401,495,54728,-1.9,21507,40.37,94.21,39.37,102.87,82.32,19,19,19,19,123,19,144,144,144,549,708238,,,,,,
1543,1774,41.16,82.31,4358,4358,38.48,85.46,32,62,41.28,76.11,0,0,41.22,76.33,12,31,38.93,82.15,498,495,1,494,402,497,492,497,54477,-2.58,19881,41.08,93.25,40.17,104.3,92.87,19,19,19,19,119,19,139,139,139,566,713350,,,,,,
1515,1742,40.84,80.23,4345,4345,38.09,80.12,38,74,40.91,74.35,0,0,41.22,76.33,12,31,38.93,82.15,475,492,0,495,621,496,420,497,54469,-3.17,22613,41.28,88.58,40.96,105.74,92.6,18,18,18,18,114,18,133,133,133,586,718490,,,,,,
1463,1682,40.52,75.74,4203,4203,37.86,76.48,44,86,40.59,71.5,0,0,40.89,72.75,12,31,38.53,79.23,489,495,367,495,282,496,498,496,55013,-3.1,19976,40.77,55.4,41.63,106.93,87.94,18,18,18,18,113,18,133,133,133,572,723621,,,,,,
1397,1606,40.18,61.99,3969,3969,37.52,68.66,50,98,40.32,58.42,0,0,40.53,67.76,9,23,38.2,76.56,475,495,410,495,3,496,447,495,55263,-2.21,15528,40.46,47.21,41.48,106.66,55.74,17,16,17,17,103,17,121,121,121,569,728770,,,,,,
1317,1514,39.87,57.7,3648,3648,37.25,64.03,54,105,40.04,53.43,0,0,40.27,57.97,7,18,37.87,66.82,492,497,462,494,505,497,490,497,55294,-2.29,13527,40.16,48.98,41.14,106.04,42.7,14,13,14,14,84,14,99,99,99,568,733902,,,,,,
1219,1401,39.61,59.47,3228,3228,37,63.97,57,111,39.77,53.85,0,0,39.96,55.78,5,13,37.59,63,505,494,482,494,493,496,466,496,55343,-2.4,11780,39.94,48.7,40.89,105.61,41.67,13,12,13,13,79,13,92,92,92,559,739053,,,,,,
1114,1281,39.34,58.92,2722,2722,36.78,64.39,58,113,39.53,54.26,0,0,39.74,58.51,3,7,37.34,63.33,489,495,463,495,493,496,452,497,55403,-2.11,8348,39.68,46.72,40.68,105.23,42.92,13,12,13,13,79,13,92,92,92,559,744180,,,,,,
1000,1150,39.13,58.56,2209,2209,36.58,63.81,56,109,39.32,54.38,0,0,39.5,57.47,2,5,37.15,63.81,475,493,429,495,501,495,455,495,55465,-2.04,5707,39.46,46.62,40.47,104.85,40.14,12,12,12,12,76,12,89,89,89,559,749309,,,,,,
891,1024,38.91,58.37,1783,1783,36.43,63.36,51,99,39.13,54.21,0,0,39.3,58.28,1,2,36.99,62.97,500,493,487,495,488,495,466,496,55524,-2,3985,39.2,46.94,40.24,104.43,39.84,10,10,10,10,64,10,75,75,75,562,754420,,,,,,
801,921,38.71,58.69,1475,1475,36.27,63.67,44,86,38.95,54.44,0,0,39.13,57.62,1,2,36.82,63.1,489,494,437,495,499,495,460,496,55574,-1.91,2748,38.96,47.35,40,104,39.5,9,9,9,9,57,9,66,66,66,561,759598,,,,,,
731,840,38.52,59.01,1234,1234,36.11,63.58,37,72,38.8,54.92,0,0,38.95,58.11,1,2,36.63,63.48,496,494,492,494,466,496,477,495,55627,-1.79,2150,38.74,47.74,39.77,103.58,39.7,8,7,8,8,48,8,56,56,56,556,764705,,,,,,
672,772,38.31,59.42,1043,1043,35.97,64.29,30,58,38.66,55.04,0,0,38.75,58.33,1,2,36.48,63.71,491,495,451,495,549,496,459,497,55673,-1.8,1702,38.53,48.46,39.52,103.14,39.62,7,7,7,7,43,7,50,50,50,553,769811,,,,,,
627,721,38.13,59.62,925,925,35.82,64.42,23,45,38.52,55.04,0,0,38.61,58.36,2,5,36.33,64.03,499,494,478,495,444,496,470,495,55720,-1.79,1382,38.29,48.9,39.29,102.73,40.19,6,6,6,6,40,6,47,47,47,546,774919,,,,,,
592,680,37.95,59.75,851,851,35.66,64.71,17,33,38.39,55.26,0,0,38.45,58.46,3,7,36.18,64.23,483,495,435,495,561,495,457,496,55768,-1.68,1208,38.09,49.25,39.08,102.35,40.65,6,6,6,6,39,6,46,46,46,546,780056,,,,,,
560,644,37.79,60.07,783,783,35.52,64.94,13,25,38.25,55.46,0,0,38.3,58.68,3,7,35.91,64.94,492,494,491,495,462,496,481,496,55806,-1.65,1091,37.93,49.75,38.87,101.97,40.89,6,6,6,6,39,6,45,45,45,545,785164,,,,,,
529,608,37.62,60.77,728,728,35.39,65.33,9,17,38.11,55.78,0,0,38.14,59.06,3,7,35.77,65.26,488,495,464,495,529,497,464,496,55842,-1.59,1004,37.75,50.33,38.66,101.59,41.16,6,6,6,6,38,6,44,44,44,546,790270,,,,,,
529,608,37.62,60.77,685,685,35.23,65.65,6,11,38,56.16,0,0,38,59.1,3,7,35.65,65.55,482,495,445,494,463,496,463,496,55870,-1.56,974,37.61,51.18,38.46,101.22,41.77,6,6,6,6,37,6,43,43,43,538,795378,,,,,,
505,580,37.46,61.45,648,648,35.14,66.04,4,7,37.89,56.58,0,0,37.86,59.71,3,7,35.55,65.87,489,496,462,494,486,495,462,497,55889,-1.5,957,37.49,51.46,38.31,100.95,42.75,6,6,6,6,36,6,42,42,42,528,800484,,,,,,
480,552,37.33,61.87,611,611,35.04,66.27,1,1,37.79,56.67,0,0,37.74,60.1,3,7,35.46,66.17,485,495,462,495,480,495,459,497,55907,-1.5,949,37.41,51.82,38.21,100.77,43.26,5,5,5,5,34,5,39,40,40,520,805616,,,,,,
463,532,37.2,62.07,580,580,34.96,66.27,0,0,37.68,56.9,0,0,37.74,60.1,3,7,35.46,66.17,485,496,444,495,491,496,463,496,55924,-1.55,926,37.31,52.09,38.12,100.62,43.46,5,5,5,5,34,5,40,40,40,510,810722,,,,,,
445,511,37.06,62.29,555,555,34.88,66.17,0,0,37.59,56.8,0,0,37.62,60.58,3,7,35.36,66.17,475,496,441,495,484,497,464,496,55937,-1.53,877,37.27,51.88,38.05,100.5,43.68,6,6,6,6,36,6,42,42,42,506,815830,,,,,,
428,492,36.93,62.19,524,524,34.8,66.01,0,0,37.5,57,0,0,37.49,60.41,3,7,35.28,66.21,486,495,468,495,512,496,465,495,55954,-1.41,781,37.16,51.95,37.97,100.35,43.53,6,6,6,6,38,6,45,45,45,493,820936,,,,,,
414,476,36.83,62.42,506,506,34.73,66.01,0,0,37.41,57.02,0,0,37.39,60.41,3,7,35.23,66.11,487,496,464,495,482,496,472,496,55970,-1.41,752,37.03,52.22,37.88,100.19,43.41,6,6,6,6,38,6,45,45,45,498,826043,,,,,,
400,460,36.7,62.51,481,481,34.66,66.3,0,0,37.34,57.12,0,0,37.3,60.64,3,7,35.16,66.01,490,494,454,495,521,496,476,496,55986,-1.43,741,36.92,52.43,37.79,100.03,43.63,6,6,6,6,37,6,43,43,43,490,831149,,,,,,
386,443,36.59,62.93,462,462,34.59,66.4,0,0,37.34,57.12,0,0,37.2,60.44,2,5,35.09,66.14,487,494,469,495,476,496,483,497,56003,-1.41,737,36.85,52.75,37.66,99.79,43.82,5,5,5,5,35,5,41,41,41,486,836286,,,,,,
372,427,36.49,63.03,450,450,34.54,66.72,0,0,37.24,57.41,0,0,37.11,60.47,2,5,35.04,66.43,485,495,457,495,507,497,458,496,56025,-1.32,740,36.78,52.91,37.55,99.59,44.07,5,5,5,5,35,5,41,41,41,487,841391,,,,,,
362,416,36.4,63.23,432,432,34.45,66.92,0,0,37.16,57.63,0,0,37,60.67,2,5,34.97,66.72,488,494,468,495,473,496,478,496,56042,-1.26,741,36.7,52.8,37.44,99.39,44.34,6,6,6,6,38,6,44,44,44,480,846539,,,,,,
351,403,36.3,63.45,432,432,34.45,66.92,0,0,37.09,57.73,0,0,36.91,60.77,2,5,34.9,66.82,488,496,451,494,486,496,447,495,56057,-1.23,742,36.63,53.05,37.37,99.26,44.63,6,6,6,6,41,6,47,47,47,478,851645,,,,,,
341,392,36.21,63.54,413,413,34.39,67.02,0,0,37.02,57.83,0,0,36.75,61.28,2,5,34.84,66.92,486,495,473,496,461,497,476,495,56069,-1.23,742,36.53,53.32,37.33,99.19,44.78,6,6,6,6,42,6,48,48,48,476,856753,,,,,,
331,380,36.11,63.45,401,401,34.33,66.95,0,0,36.93,57.76,0,0,36.66,60.99,2,5,34.79,67.05,474,495,444,495,511,496,448,498,56078,-1.31,742,36.5,53.49,37.27,99.08,45.09,7,7,7,7,42,7,49,49,49,481,861859,,,,,,
324,372,36.03,63.48,382,382,34.27,66.95,0,0,36.86,57.56,0,0,36.57,60.93,2,5,34.72,67.05,501,495,480,495,501,496,470,496,56092,-1.2,741,36.43,53.68,37.22,98.99,45.31,7,7,7,7,42,7,49,49,49,480,866969,,,,,,
317,364,35.95,63.97,370,370,34.21,67.15,0,0,36.78,57.76,0,0,36.5,61.12,2,5,34.68,67.15,484,496,439,495,511,496,450,495,56102,-1.23,740,36.36,53.95,37.17,98.9,45.07,7,7,7,7,44,7,51,51,51,473,872075,,,,,,
306,351,35.89,64.16,358,358,34.16,67.44,0,0,36.72,58.05,0,0,36.41,61.12,2,5,34.63,67.05,488,497,460,495,481,496,470,495,56116,-1.2,739,36.3,54.08,37.1,98.78,45.17,7,7,7,7,46,7,54,54,54,468,877183,,,,,,
299,343,35.8,64.29,345,345,34.09,67.54,0,0,36.63,58.08,0,0,36.34,61.12,2,5,34.59,67.15,491,495,468,495,492,495,464,497,56127,-1.11,738,36.25,54.25,37.03,98.65,45.34,7,7,7,7,47,7,55,55,55,469,882288,,,,,,
296,340,35.74,64.39,333,333,34.03,67.77,0,0,36.57,58.27,0,0,36.29,61.34,2,5,34.55,67.26,502,495,483,495,486,496,490,496,56134,-1.15,738,36.22,54.26,36.98,98.56,45.53,7,7,7,7,48,7,55,55,55,472,887396,,,,,,
289,332,35.65,64.48,327,327,33.99,67.87,0,0,36.53,58.37,0,0,36.22,61.54,2,5,34.52,67.26,489,495,445,495,510,496,447,495,56139,-1.15,738,36.2,54.18,36.92,98.45,45.68,7,7,7,7,47,7,55,55,55,466,892502,,,,,,
285,327,35.59,64.48,314,314,33.93,67.96,0,0,36.45,58.56,0,0,36.16,61.63,2,5,34.46,67.47,490,494,482,495,471,496,482,496,56146,-1.1,737,36.19,53.91,36.89,98.39,45.7,7,7,7,7,48,7,56,56,56,472,897610,,,,,,
278,319,35.52,64.61,308,308,33.89,67.96,0,0,36.38,58.78,0,0,36.16,61.63,2,5,34.46,67.47,490,495,451,495,532,496,470,497,56156,-1.13,735,36.15,54.07,36.87,98.36,45.41,7,7,7,7,46,7,54,54,54,482,902716,,,,,,
271,311,35.43,64.61,302,302,33.83,67.96,0,0,36.34,58.78,0,0,36.09,61.63,2,5,34.41,67.47,471,495,456,495,444,496,445,495,56164,-0.99,734,36.12,54.2,36.84,98.3,45.34,7,7,7,7,47,7,54,54,54,474,907823,,,,,,
268,308,35.39,64.61,296,296,33.78,68.09,0,0,36.29,58.78,0,0,36.04,61.76,2,5,34.38,67.57,486,495,462,495,511,496,469,495,56168,-0.98,727,36.09,54.33,36.81,98.25,45.43,7,7,7,7,46,7,54,54,54,472,912929,,,,,,
264,303,35.31,64.84,283,283,33.75,68.19,0,0,36.23,58.88,0,0,36,61.76,2,5,34.34,67.69,486,494,460,495,469,496,479,495,56175,-1.05,717,36.08,54.4,36.77,98.18,45.61,7,7,7,7,46,7,54,54,54,469,918036,,,,,,
261,300,35.25,65.13,277,277,33.7,68.38,0,0,36.16,59.01,0,0,35.93,61.96,2,5,34.31,67.8,494,494,472,495,496,496,468,496,56179,-0.99,713,36.07,54.58,36.73,98.12,45.68,7,7,7,7,47,7,54,54,54,470,923141,,,,,,
254,292,35.2,65.23,271,271,33.66,68.48,0,0,36.11,59.11,0,0,35.88,62.15,2,5,34.27,67.9,487,494,453,495,505,496,472,497,56179,-0.95,712,36.02,54.71,36.69,98.05,45.83,7,7,7,7,47,7,55,55,55,478,928249,,,,,,
250,287,35.16,65.42,265,265,33.63,68.68,0,0,36.06,59.21,0,0,35.82,62.18,2,5,34.24,67.9,493,495,478,495,480,496,483,495,56183,-0.98,712,36.02,54.76,36.67,98.01,46.02,7,7,7,7,47,7,55,55,55,471,933354,,,,,,
247,284,35.11,65.62,259,259,33.58,68.91,0,0,36,59.3,0,0,35.78,62.28,2,5,34.18,67.99,487,496,463,494,475,496,483,497,56187,-0.98,712,36.02,54.81,36.64,97.96,46.22,7,7,7,7,46,7,54,54,54,474,938462,,,,,,
243,279,35.05,65.46,253,253,33.56,69.01,0,0,35.97,59.4,0,0,35.73,62.47,2,5,34.18,68.08,478,495,436,495,511,497,444,496,56193,-0.95,711,35.98,54.88,36.61,97.91,46.26,7,7,7,7,45,7,53,53,53,479,943568,,,,,,
240,276,34.99,65.55,253,253,33.49,69.11,0,0,35.91,59.52,0,0,35.66,62.57,2,5,34.14,68.19,487,495,469,495,471,497,478,495,56197,-0.89,711,35.97,54.96,36.56,97.81,46.34,7,7,7,7,45,7,52,52,52,476,948695,,,,,,
240,276,34.99,65.55,246,246,33.48,69.11,0,0,35.88,59.72,0,0,35.63,62.57,2,5,34.11,68.29,481,494,439,494,521,496,452,495,56195,-0.98,710,35.98,55.02,36.54,97.78,46.36,7,7,7,7,48,7,56,56,56,473,953801,,,,,,
236,271,34.93,65.75,240,240,33.41,69.3,0,0,35.82,59.72,0,0,35.56,62.79,2,5,34.06,68.42,485,493,481,494,456,496,479,495,56194,-0.85,710,35.96,55.06,36.52,97.74,46.48,7,7,7,7,49,7,57,57,57,466,958909,,,,,,
233,267,34.9,65.85,234,234,33.41,69.4,0,0,35.77,59.91,0,0,35.52,62.89,2,5,34.05,68.51,497,495,462,495,539,496,473,497,56197,-0.93,710,35.95,55.07,36.5,97.71,46.58,7,7,7,7,48,7,55,55,55,465,964014,,,,,,
229,263,34.84,65.94,234,234,33.38,69.5,0,0,35.74,59.91,0,0,35.5,62.99,2,5,34,68.51,493,494,472,495,454,496,497,495,56195,-0.85,710,35.94,55.13,36.48,97.67,46.61,7,7,7,7,45,7,52,52,52,465,969122,,,,,,
229,263,34.82,66.07,228,228,33.34,69.53,0,0,35.7,60.01,0,0,35.45,63.09,1,2,33.99,68.61,488,495,465,495,502,496,461,495,56198,-0.85,710,35.95,55.09,36.45,97.62,46.68,7,7,7,7,44,7,51,51,51,461,974227,,,,,,
226,259,34.75,66.27,228,228,33.31,69.72,0,0,35.66,60.14,0,0,35.41,63.18,1,2,33.95,68.71,493,495,471,496,490,496,478,495,56201,-0.75,710,35.92,55.18,36.42,97.56,46.75,7,7,7,7,43,7,50,50,50,460,979335,,,,,,
222,255,34.72,66.36,222,222,33.27,69.72,0,0,35.63,60.14,0,0,35.36,63.28,1,2,33.91,68.81,503,495,483,494,509,495,488,496,56204,-0.82,711,35.91,55.16,36.39,97.51,46.85,7,7,7,7,43,7,50,50,50,470,984441,,,,,,
219,251,34.68,66.36,216,216,33.24,69.82,0,0,35.58,60.24,0,0,35.36,63.28,1,2,33.91,68.81,495,494,469,494,504,496,471,496,56203,-0.75,712,35.93,55.21,36.37,97.47,46.95,7,7,7,7,43,7,50,50,50,478,989548,,,,,,
219,251,34.63,66.46,216,216,33.23,69.82,0,0,35.58,60.24,0,0,35.32,63.41,1,2,33.88,68.9,491,496,482,494,480,496,465,497,56204,-0.71,713,35.91,55.21,36.34,97.42,46.92,6,6,6,6,41,6,48,48,48,469,994653,,,,,,
216,248,34.59,66.56,209,209,33.2,69.92,0,0,35.55,60.43,0,0,35.29,63.41,1,2,33.84,69,495,494,485,495,482,497,475,495,56204,-0.79,713,35.92,55.17,36.33,97.4,46.97,6,6,6,6,39,6,45,45,45,478,999760,,,,,,
216,248,34.58,66.69,209,209,33.15,70.01,0,0,35.52,60.43,0,0,35.25,63.51,1,2,33.81,69.14,485,495,465,495,504,496,469,495,56206,-0.75,714,35.89,55.13,36.3,97.34,47.07,6,6,6,6,39,6,46,46,46,473,1004865,,,,,,
212,243,34.52,66.79,209,209,33.15,70.01,0,0,35.48,60.43,0,0,35.21,63.61,1,2,33.78,69.23,489,494,465,495,470,496,464,496,56207,-0.79,715,35.9,55.22,36.27,97.29,47.14,6,6,6,6,39,6,45,45,45,471,1009973,,,,,,
212,243,34.49,66.79,203,203,33.14,70.11,0,0,35.45,60.62,0,0,35.16,63.7,1,2,33.78,69.23,488,496,448,494,509,496,453,496,56211,-0.71,717,35.89,55.25,36.27,97.29,47.17,6,6,6,6,39,6,46,46,46,480,1015078,,,,,,
209,240,34.46,66.88,203,203,33.11,70.21,0,0,35.4,60.85,0,0,35.14,63.8,1,2,33.75,69.33,483,496,465,495,457,494,468,495,56215,-0.63,718,35.88,55.26,36.23,97.22,47.22,6,6,6,6,42,6,48,49,49,492,1020186,,,,,,
205,235,34.43,66.98,197,197,33.09,70.21,0,0,35.36,60.85,0,0,35.11,63.8,1,2,33.74,69.33,476,493,451,494,510,497,445,496,56219,-0.63,719,35.88,55.3,36.22,97.2,47.31,7,7,7,7,42,7,49,49,49,487,1025292,,,,,,
205,235,34.38,66.98,197,197,33.07,70.34,0,0,35.34,60.85,0,0,35.04,64.03,1,2,33.71,69.43,480,495,451,495,455,495,466,494,56221,-0.7,720,35.9,55.31,36.2,97.16,47.36,7,7,7,7,43,7,50,50,50,484,1030400,,,,,,
202,232,34.36,67.08,191,191,33.04,70.34,0,0,35.29,60.94,0,0,35,64.03,1,2,33.7,69.43,488,495,469,495,492,496,465,496,56218,-0.71,721,35.88,55.38,36.18,97.13,47.41,7,7,7,7,43,7,50,50,50,486,1035506,,,,,,
202,232,34.31,67.31,191,191,33.02,70.44,0,0,35.27,61.04,0,0,34.98,64.12,1,2,33.66,69.53,490,495,469,495,454,497,480,496,56219,-0.68,722,35.9,55.37,36.16,97.09,47.49,7,7,7,7,43,7,50,50,50,491,1040614,,,,,,
198,227,34.3,67.31,185,185,33,70.54,0,0,35.24,61.14,0,0,34.96,64.22,1,2,33.65,69.53,483,494,457,494,492,495,466,496,56221,-0.7,723,35.9,55.32,36.15,97.07,47.56,7,7,7,7,42,7,50,50,50,500,1045719,,,,,,
198,227,34.28,67.41,185,185,32.97,70.54,0,0,35.2,61.14,0,0,34.93,64.32,2,5,33.62,69.62,495,493,482,495,466,495,499,495,56223,-0.73,724,35.87,55.31,36.14,97.05,47.58,7,7,7,7,42,7,50,50,50,500,1050827,,,,,,
195,224,34.24,67.51,179,179,32.96,70.64,0,0,35.16,61.27,0,0,34.89,64.32,2,5,33.62,69.62,488,495,463,494,512,496,477,497,56225,-0.64,724,35.88,55.32,36.11,97,47.58,7,7,7,7,42,7,50,50,50,500,1055933,,,,,,
195,224,34.21,67.51,179,179,32.93,70.73,0,0,35.14,61.27,0,0,34.89,64.42,2,5,33.59,69.72,489,495,449,494,487,496,461,497,56225,-0.64,725,35.87,55.36,36.08,96.94,47.61,6,6,6,6,42,6,49,49,49,497,1061041,,,,,,
191,219,34.18,67.6,172,172,32.9,70.83,0,0,35.12,61.27,0,0,34.84,64.51,2,5,33.58,69.75,482,496,463,494,472,496,466,496,56223,-0.64,726,35.85,55.35,36.05,96.89,47.73,7,7,7,7,43,7,50,50,50,494,1066147,,,,,,
191,219,34.18,67.7,172,172,32.89,70.83,0,0,35.09,61.37,0,0,34.82,64.64,2,5,33.56,69.85,491,495,471,495,480,496,468,496,56223,-0.63,727,35.87,55.37,36.04,96.87,47.8,7,7,7,7,43,7,50,50,50,492,1071254,,,,,,
188,216,34.14,67.7,172,172,32.87,70.93,0,0,35.09,61.46,0,0,34.82,64.64,2,5,33.56,69.85,483,495,472,495,451,496,486,495,56224,-0.68,727,35.85,55.42,36.03,96.85,47.83,6,6,6,6,41,6,48,48,48,495,1076359,,,,,,
188,216,34.12,67.8,166,166,32.84,70.93,0,0,35.06,61.56,0,0,34.82,64.64,1,2,33.55,69.94,478,495,436,495,500,496,437,496,56229,-0.68,727,35.86,55.44,36.03,96.85,47.92,6,6,6,6,40,6,47,47,47,490,1081473,,,,,,
184,211,34.11,67.9,166,166,32.83,71.06,0,0,35.02,61.56,0,0,34.77,64.74,1,2,33.54,69.94,484,494,438,495,455,496,466,495,56229,-0.57,727,35.86,55.43,36,96.8,47.95,6,6,6,6,40,6,47,47,47,490,1086580,,,,,,
184,211,34.06,68.02,160,160,32.82,71.16,0,0,35,61.56,0,0,34.74,64.74,1,2,33.5,69.94,493,494,476,495,494,496,453,497,56228,-0.68,728,35.84,55.41,36,96.8,48,6,6,6,6,41,6,47,47,47,496,1091686,,,,,,
181,208,34.05,68.12,160,160,32.8,71.26,0,0,34.98,61.66,0,0,34.72,64.83,1,2,33.49,70.05,491,495,463,494,498,495,468,496,56228,-0.58,728,35.85,55.42,35.99,96.78,48.05,6,6,6,6,42,6,49,49,49,498,1096794,,,,,,
181,208,34,68.22,154,154,32.78,71.36,0,0,34.95,61.76,0,0,34.72,64.94,1,2,33.48,70.05,490,495,472,496,449,496,469,496,56228,-0.63,728,35.84,55.42,35.97,96.74,48.05,7,7,7,7,44,7,51,51,51,502,1101900,,,,,,
181,208,34,68.22,154,154,32.75,71.36,0,0,34.93,61.76,0,0,34.66,65.03,1,2,33.43,70.14,495,496,465,495,538,496,468,495,56228,-0.57,728,35.82,55.42,35.97,96.74,48,7,7,7,7,44,7,51,51,51,491,1107008,,,,,,
181,208,34,68.22,154,154,32.74,71.36,0,0,34.93,61.85,0,0,34.64,65.12,1,2,33.43,70.14,499,495,487,495,411,495,492,495,56234,-0.63,729,35.83,55.46,35.96,96.73,47.97,7,7,7,7,45,7,52,52,52,488,1112114,,,,,,
177,203,33.99,68.22,148,148,32.74,71.45,0,0,34.88,61.88,0,0,34.64,65.12,1,2,33.41,70.24,489,495,465,494,544,496,465,495,56237,-0.56,729,35.81,55.49,35.96,96.73,48,7,7,7,7,45,7,53,53,53,490,1117228,,,,,,
177,203,33.93,68.32,148,148,32.73,71.45,0,0,34.88,61.98,0,0,34.61,65.12,1,2,33.41,70.24,520,494,498,495,443,496,480,495,56237,-0.61,730,35.83,55.48,35.93,96.67,48.07,7,7,7,7,45,7,53,53,53,479,1122334,,,,,,
177,203,33.91,68.32,141,141,32.71,71.45,0,0,34.84,62.08,0,0,34.57,65.26,1,2,33.4,70.33,487,494,464,495,504,496,475,495,56237,-0.56,730,35.81,55.47,35.93,96.67,48.1,7,7,7,7,45,7,53,53,53,488,1127442,,,,,,
177,203,33.91,68.42,141,141,32.7,71.55,0,0,34.83,62.08,0,0,34.57,65.36,1,2,33.4,70.33,495,495,454,494,500,496,461,495,56239,-0.53,731,35.83,55.46,35.92,96.65,48.12,7,7,7,7,47,7,55,55,55,499,1132548,,,,,,
174,200,33.91,68.42,141,141,32.7,71.55,0,0,34.82,62.08,0,0,34.55,65.36,1,2,33.37,70.44,486,494,476,494,453,497,493,496,56240,-0.58,731,35.83,55.49,35.92,96.65,48.12,8,8,8,8,49,8,57,57,57,501,1137656,,,,,,
174,200,33.88,68.51,135,135,32.66,71.65,0,0,34.8,62.18,0,0,34.52,65.36,1,2,33.37,70.44,496,494,467,495,544,497,460,496,56240,-0.44,732,35.82,55.47,35.92,96.65,48.19,8,8,8,8,50,8,58,58,58,499,1142762,,,,,,
174,200,33.86,68.51,135,135,32.65,71.65,0,0,34.78,62.18,0,0,34.5,65.46,1,2,33.34,70.47,489,494,482,495,415,496,476,496,56241,-0.64,732,35.81,55.52,35.9,96.62,48.19,8,8,8,8,49,8,57,57,57,498,1147870,,,,,,
170,195,33.83,68.65,135,135,32.65,71.75,0,0,34.78,62.18,0,0,34.5,65.46,1,2,33.33,70.47,493,496,464,495,513,496,482,496,56243,-0.52,732,35.8,55.5,35.9,96.62,48.22,7,7,7,7,47,7,55,55,55,494,1152975,,,,,,
